source1_entity_id	matched_entity_ids
S1-474450762	
S1-483965666	
S1-233044882	
S1-975151424	S2-831319129,S3-12182842
S1-664057184	
S1-867072616	
S1-490173576	
S1-475268147	S3-211221357
S1-419995187	
S1-382509326	
S1-85653199	
S1-264697234	
S1-102168151	
S1-532824230	
S1-881784927	
S1-133092515	
S1-78728267	
S1-943539291	
S1-339155802	
S1-212371759	
S1-973088081	S2-215904815,S2-884434229,S3-331222248,S3-383918999
S1-441057333	
S1-157430070	
S1-597947436	S2-352704333,S2-65065866,S2-954972199,S3-10256300,S3-220988255,S3-294489843,S3-361674292,S3-729798525,S3-96658915
S1-341322063	
S1-894905266	
S1-469168859	
S1-350496780	
S1-344378456	
S1-85751411	
S1-863287307	
S1-584559957	
S1-434153346	
S1-196113391	
S1-393507437	S2-352704333
S1-481944623	
S1-835582484	
S1-167425315	
S1-414700076	
S1-474046663	
S1-702929726	
S1-149941464	
S1-132202872	S2-324162985,S3-511881509,S3-669751252,S3-930456902
S1-209104038	S3-511881509
S1-534833988	
S1-844270338	
S1-745307254	
S1-524579868	
S1-445938841	
S1-945004828	S2-99081284,S3-252753370
S1-193141159	S2-949627484,S3-505421400,S3-651026983,S3-855959586,S3-942639876
S1-449104170	S2-793295648
S1-474316625	
S1-302658596	
S1-22415124	
S1-337466453	
S1-658153114	
S1-761110630	
S1-153430997	
S1-220217287	
S1-144112527	
S1-479537678	
S1-584505748	
S1-746717865	
S1-297342190	
S1-290638042	
S1-322814039	
S1-418667810	
S1-611642870	
S1-470147453	
S1-576221857	
S1-842320384	
S1-249418836	S2-39057775
S1-646559117	
S1-94725206	S2-352704333,S3-61932116
S1-303335276	
S1-627648700	
S1-364755531	
S1-95162706	
S1-446518119	
S1-706063352	S2-445724029
S1-526176754	
S1-176552566	
S1-550662938	
S1-340586391	
S1-951132023	
S1-124009319	
S1-271281589	S2-386598965
S1-259212222	
S1-286020949	
S1-285639276	
S1-813419680	
S1-172926040	
S1-54683698	
S1-894104666	
S1-352427206	
S1-19981223	
S1-517792933	
S1-883305764	
S1-43681351	
S1-144278066	
S1-665469519	
S1-764815460	
S1-687505571	
S1-945166992	S2-339791324
S1-353524943	
S1-399417370	
S1-538061753	S3-97627368
S1-260236334	
S1-184694892	
S1-171969205	
S1-551171315	S2-508167875
S1-527454926	
S1-821715751	
S1-31104344	S3-449113203
S1-228121172	S2-668703472
S1-575630310	
S1-506641087	
S1-650467211	S2-270989700
S1-911721518	S2-83659690
S1-252964189	
S1-379844760	
S1-456293278	S2-564128408
S1-914145335	
S1-617334011	
S1-225560025	
S1-780895373	
S1-901743898	
S1-922876309	
S1-106123041	
S1-327381902	
S1-744533053	
S1-554228795	
S1-155875856	
S1-963393217	
S1-346590041	
S1-688608950	
S1-181334249	
S1-645611395	
S1-785624255	
S1-102585317	
S1-25247638	
S1-641354063	
S1-387556131	
S1-921907366	S2-818305124,S2-880426787
S1-293096595	
S1-885833261	
S1-994292072	
S1-16732281	
S1-251038734	
S1-525891488	S2-15785484,S2-474500321,S2-651384497,S2-795608900,S2-937425503,S2-982000643,S3-212005143,S3-328055716,S3-470112250,S3-50159128,S3-591137710
S1-269028272	
S1-819418686	
S1-544021555	S2-802957706,S2-950670269,S3-225738095,S3-774775421,S3-872344257
S1-825995250	
S1-700247790	S2-474500321,S3-520748896
S1-282662914	
S1-908589712	
S1-471892344	
S1-457269572	
S1-323144734	S2-22483052
S1-504585725	S3-482288837
S1-623674649	
S1-120158801	
S1-68976359	S2-665624754,S2-761376164,S3-121411351,S3-420581388
S1-582516208	
S1-831113010	
S1-229886310	
S1-341711036	
S1-31198254	
S1-124523854	
S1-736736534	S2-707981532
S1-269018512	
S1-333448537	
S1-224875765	
S1-595912909	S2-65065866,S2-886143835
S1-729803491	S2-233890316
S1-974155740	
S1-932196066	
S1-78278558	
S1-340690196	
S1-419748979	
S1-319423518	S2-962960475,S3-500455876
S1-190478759	
S1-396279971	
S1-486150098	
S1-671302451	
S1-983582954	
S1-349454996	
S1-163452739	
S1-815714250	
S1-535669210	
S1-784527527	
S1-200085670	
S1-722812011	
S1-555276148	
S1-891598696	S2-951724468
S1-148034248	
S1-351573337	
S1-248973527	
S1-329160135	
S1-872136425	
S1-406339590	
S1-26932662	S2-326164591,S3-855959586
S1-334296572	
S1-332990989	
S1-56422538	
S1-502429542	
S1-537250256	
S1-470988814	S2-130666595
S1-512643948	
S1-888661715	
S1-517283959	
S1-209605619	
S1-756150493	
S1-230189872	
S1-775405022	
S1-385978884	
S1-170051712	
S1-183123739	
S1-585804584	
S1-326888355	
S1-250270914	
S1-665655678	
S1-776021274	
S1-817229989	
S1-647910625	S2-478987305
S1-850474183	S2-73255518
S1-580819587	
S1-828057149	
S1-223521678	
S1-433705428	
S1-198286622	
S1-744279683	
S1-41505525	
S1-485450243	S2-960222672,S2-969297795,S3-317674415,S3-503410652,S3-685079675,S3-744145290
S1-424307454	
S1-406753545	
S1-679248429	
S1-230238742	S2-345581451
S1-522458156	
S1-211341088	
S1-520980550	
S1-409917017	
S1-725435809	
S1-65533430	
S1-712462652	
S1-224737170	
S1-613444122	S2-736574166,S2-926641041
S1-732713016	
S1-924342247	
S1-150627448	
S1-863565444	S2-792073172
S1-297251562	
S1-338745744	
S1-877043685	
S1-62571142	S2-951127624,S2-954972199
S1-800370413	
S1-694927601	
S1-875573892	
S1-743735210	
S1-789555451	
S1-231368568	
S1-789580536	
S1-155087615	S3-814570749
S1-527815368	
S1-168108098	
S1-448054619	
S1-28840849	
S1-812605462	
S1-483503910	
S1-663302436	
S1-702615328	
S1-667099537	
S1-973836071	
S1-140336160	
S1-842545067	
S1-772652217	
S1-462592478	
S1-732356591	S2-939523169
S1-23133049	
S1-346162834	
S1-347084081	
S1-15742620	
S1-428953274	
S1-253466939	
S1-3918651	
S1-533400638	S2-176869417
S1-438560168	
S1-460172651	
S1-562588747	
S1-209777320	
S1-889392803	
S1-758607594	
S1-47907770	S3-786904464
S1-300189508	
S1-209510221	
S1-820702322	
S1-278937360	S2-228382957,S2-367885688,S2-435174958,S2-704309586,S2-739699756,S2-890941186,S3-369737092,S3-569797562,S3-574652640
S1-874068665	
S1-243837570	
S1-434097244	
S1-541172278	
S1-173496240	
S1-859087113	S2-470503402
S1-127394896	
S1-463602067	
S1-925250224	
S1-140569398	
S1-10466931	S3-719865474
S1-479336848	
S1-574461950	
S1-499602078	
S1-370320725	S3-555276988
S1-952252707	
S1-922124248	
S1-768668390	
S1-492893492	
S1-989385895	
S1-304065215	S2-128745056,S2-298134735,S2-385906219,S2-474500321,S2-651384497,S2-725118058,S2-795608900,S2-833594830,S2-949627484,S3-328055716,S3-348692507,S3-395302658,S3-470112250,S3-50159128,S3-591137710,S3-731611022,S3-942639876
S1-566528457	
S1-182211158	S3-861041535
S1-688799090	
S1-900810491	
S1-746697694	
S1-679535377	
S1-630650457	S3-624262454,S3-915202721
S1-477887945	S2-550279805
S1-392769244	S3-449125376
S1-485514215	
S1-541603522	
S1-628721661	
S1-62985100	
S1-665026212	
S1-641358788	S2-298134735,S2-367885688,S2-439259001,S2-704309586,S2-994339159,S3-14472096,S3-420479864,S3-464581536,S3-574652640,S3-760931253,S3-945039691
S1-862897012	
S1-264881201	S2-388934159,S2-455911161,S2-545147859,S2-684472664,S2-960222672,S2-969297795,S3-181700715,S3-299083168,S3-404690449,S3-503410652,S3-684886665,S3-744145290,S3-836602350,S3-879290192
S1-670077498	S2-51374019
S1-613471035	
S1-820232092	
S1-695160594	
S1-234675005	
S1-181716365	
S1-360333763	S2-326164591
S1-574375	
S1-363962918	
S1-547547424	
S1-272089298	
S1-129018125	
S1-974165667	
S1-231480182	
S1-890402675	S2-665624754
S1-281525243	
S1-638864492	
S1-420874465	
S1-868056016	
S1-447590684	
S1-350015043	
S1-702849585	
S1-410192430	
S1-593794852	S2-249929105,S2-955600504,S3-164112817,S3-617691093,S3-845445437
S1-175079276	
S1-944778390	
S1-99873163	
S1-455998174	
S1-504905089	
S1-511705539	
S1-628548204	
S1-352374320	
S1-816953635	
S1-701527979	
S1-601641086	
S1-536128143	
S1-253279278	
S1-344624658	
S1-62036050	S2-67008066
S1-576357100	
S1-610138153	
S1-514280433	S2-322867408
S1-695869827	
S1-826474451	
S1-398219382	
S1-965354093	S2-120361332,S2-200490133,S2-406560731,S2-501247816,S2-526688101,S2-621087258,S2-814835056,S2-837580434,S2-959289417,S3-333595706,S3-69224044,S3-706699463,S3-731201649,S3-763153344,S3-794367522,S3-825368991,S3-960079235
S1-112675060	
S1-934321129	
S1-190348210	
S1-662663813	
S1-627637891	
S1-189331169	
S1-72462664	
S1-424582354	S3-876758688
S1-619685595	
S1-808184506	
S1-559021874	
S1-472339039	
S1-324194239	S3-968354961
S1-624922111	
S1-788575367	
S1-378043491	
S1-689462700	
S1-563884306	S2-786007864
S1-905322094	S2-916783810,S3-365087578,S3-57232864
S1-192007067	
S1-618231834	S3-287865699
S1-172832086	
S1-315603693	
S1-302617748	
S1-427101273	S2-814835056
S1-858060734	
S1-799677337	
S1-885965506	
S1-752270898	
S1-906034359	
S1-136260129	
S1-122356354	
S1-431687170	
S1-985667022	
S1-741329309	
S1-30647177	
S1-514334409	
S1-682914017	
S1-47495961	
S1-420139612	
S1-330539891	
S1-453710078	S2-149417326,S2-367885688,S3-385977150,S3-420479864,S3-574652640,S3-675551520,S3-706699463,S3-794367522
S1-291392104	
S1-796432599	
S1-856106865	
S1-548585983	
S1-41764677	
S1-610168181	
S1-968633340	
S1-490464058	
S1-934573311	
S1-981718239	
S1-674677164	
S1-710145671	S2-179997220
S1-641740560	
S1-440224819	
S1-788443458	
S1-52063302	S2-268200519,S2-909020220,S3-336145139,S3-577100983,S3-642457321
S1-443335535	
S1-425361569	
S1-412634228	
S1-501633825	
S1-733510519	
S1-711627127	
S1-506931070	
S1-657747384	
S1-772293226	
S1-861145266	
S1-25195891	
S1-715111155	
S1-666416372	
S1-885344937	
S1-575492441	
S1-302544901	
S1-824457174	
S1-668108655	
S1-367091098	
S1-929287941	
S1-115370853	
S1-110649122	
S1-82694130	
S1-250185432	
S1-363943306	
S1-710538310	
S1-492054347	
S1-214942610	
S1-392695595	
S1-194048624	
S1-592207561	
S1-370237128	
S1-535937494	
S1-894108099	S2-886108595
S1-655820224	
S1-959524935	
S1-914599272	
S1-484425813	
S1-129193	
S1-755445261	
S1-51212924	
S1-111794026	
S1-768680878	
S1-327721063	
S1-384306751	
S1-32855895	
S1-745057991	
S1-308393690	
S1-262873865	
S1-16725056	
S1-154321660	
S1-103196491	
S1-850719034	
S1-308554366	
S1-837124823	S3-102545926
S1-613303073	
S1-667793560	
S1-473617283	
S1-378879648	
